Workbook
Name Slicer_Region: #REF!

Sheet Sales_Data
A1: Date | B1: Salesperson | C1: Region | D1: Product | E1: Units_Sold | F1: Revenue | G1: Performance | H1: Difference_From_Target
A2: 45292 | B2: John | C2: North | D2: Laptop | E2: 25 | F2: 2500 | G2: =IF(Sales_Data!$F2>5000,"Excellent",IF(Sales_Data!$F2>4000,"Good","Average")) -> Average | H2: =F2-VLOOKUP(C2,Region_Targets!A2:B5,2,FALSE) -> -2500
A3: 45293 | B3: Emma | C3: South | D3: Tablet | E3: 40 | F3: 4000 | G3: =IF(Sales_Data!$F3>5000,"Excellent",IF(Sales_Data!$F3>4000,"Good","Average")) -> Average | H3: =F3-VLOOKUP(C3,Region_Targets!A:B,2,FALSE) -> -500
A4: 45294 | B4: Liam | C4: East | D4: Phone | E4: 55 | F4: 5500 | G4: =IF(Sales_Data!$F4>5000,"Excellent",IF(Sales_Data!$F4>4000,"Good","Average")) -> Excellent | H4: =F4-VLOOKUP(C4,Region_Targets!A:B,2,FALSE) -> 1500
A5: 45295 | B5: Sophia | C5: West | D5: Monitor | E5: 20 | F5: 2000 | G5: =IF(Sales_Data!$F5>5000,"Excellent",IF(Sales_Data!$F5>4000,"Good","Average")) -> Average | H5: =F5-VLOOKUP(C5,Region_Targets!A:B,2,FALSE) -> -1500
A6: 45296 | B6: Noah | C6: North | D6: Laptop | E6: 35 | F6: 3500 | G6: =IF(Sales_Data!$F6>5000,"Excellent",IF(Sales_Data!$F6>4000,"Good","Average")) -> Average | H6: =F6-VLOOKUP(C6,Region_Targets!A:B,2,FALSE) -> -1500
A7: 45297 | B7: Olivia | C7: South | D7: Tablet | E7: 50 | F7: 5000 | G7: =IF(Sales_Data!$F7>5000,"Excellent",IF(Sales_Data!$F7>4000,"Good","Average")) -> Good | H7: =F7-VLOOKUP(C7,Region_Targets!A:B,2,FALSE) -> 500
A8: 45298 | B8: Ava | C8: East | D8: Phone | E8: 45 | F8: 4500 | G8: =IF(Sales_Data!$F8>5000,"Excellent",IF(Sales_Data!$F8>4000,"Good","Average")) -> Good | H8: =F8-VLOOKUP(C8,Region_Targets!A:B,2,FALSE) -> 500
A9: 45299 | B9: Mason | C9: West | D9: Monitor | E9: 30 | F9: 3000 | G9: =IF(Sales_Data!$F9>5000,"Excellent",IF(Sales_Data!$F9>4000,"Good","Average")) -> Average | H9: =F9-VLOOKUP(C9,Region_Targets!A:B,2,FALSE) -> -500
A10: 45300 | B10: Isabella | C10: North | D10: Laptop | E10: 60 | F10: 6000 | G10: =IF(Sales_Data!$F10>5000,"Excellent",IF(Sales_Data!$F10>4000,"Good","Average")) -> Excellent | H10: =F10-VLOOKUP(C10,Region_Targets!A:B,2,FALSE) -> 1000
A11: 45301 | B11: Ethan | C11: South | D11: Tablet | E11: 25 | F11: 2500 | G11: =IF(Sales_Data!$F11>5000,"Excellent",IF(Sales_Data!$F11>4000,"Good","Average")) -> Average | H11: =F11-VLOOKUP(C11,Region_Targets!A:B,2,FALSE) -> -2000
A12: 45302 | B12: Mia | C12: East | D12: Phone | E12: 40 | F12: 4000 | G12: =IF(Sales_Data!$F12>5000,"Excellent",IF(Sales_Data!$F12>4000,"Good","Average")) -> Average | H12: =F12-VLOOKUP(C12,Region_Targets!A:B,2,FALSE) -> 0
A13: 45303 | B13: Logan | C13: West | D13: Monitor | E13: 50 | F13: 5000 | G13: =IF(Sales_Data!$F13>5000,"Excellent",IF(Sales_Data!$F13>4000,"Good","Average")) -> Good | H13: =F13-VLOOKUP(C13,Region_Targets!A:B,2,FALSE) -> 1500
A14: 45304 | B14: Charlotte | C14: North | D14: Laptop | E14: 45 | F14: 4500 | G14: =IF(Sales_Data!$F14>5000,"Excellent",IF(Sales_Data!$F14>4000,"Good","Average")) -> Good | H14: =F14-VLOOKUP(C14,Region_Targets!A:B,2,FALSE) -> -500
... A21: 45311 | B21: Henry | C21: West | D21: Monitor | E21: 40 | F21: 4000 | G21: =IF(Sales_Data!$F21>5000,"Excellent",IF(Sales_Data!$F21>4000,"Good","Average")) -> Average | H21: =F21-VLOOKUP(C21,Region_Targets!A:B,2,FALSE) -> 500
A27: COUNTIFS | B27: =COUNTIFS(Table1[Region],"North",Table1[Units_Sold],">40") -> 3

Sheet Region_Targets
A1: Region | B1: Target_Revenue
A2: North | B2: 5000
A3: South | B3: 4500
A4: East | B4: 4000
A5: West | B5: 3500

Sheet SUMIF and Region Analysis
A1: Region | B1: Revenue
A2: North | B2: =SUMIF(Table1[Region],A2,Table1[Revenue]) -> 22500
A3: South | B3: =SUMIF(Table1[Region],A3,Table1[Revenue]) -> 17000
A4: East | B4: =SUMIF(Table1[Region],A4,Table1[Revenue]) -> 24000
A5: West | B5: =SUMIF(Table1[Region],A5,Table1[Revenue]) -> 17000

Sheet Pivot
